Job;500K;1M;5M;10M;Full;Double
1;6.30453;5.41579;7.18748;8.41130;12.23896;18.38587
2;9.41657;9.16765;9.43606;11.28889;13.27561;16.56705
3;8.52514;7.50599;8.49404;9.58601;10.45073;11.38578